de	en	plural	category	example	translation
mögen	to like		Verbs	Ich mag Hamburger.	I like hamburgers.
der Hamburger	hamburger	die Hamburger	Food	Ich möchte einen Hamburger.	I would like a hamburger.
die Schokolade	chocolate		Food	Ich liebe Schokolade.	I love chocolate.
der Käse	cheese		Food	Ich mag keinen Käse.	I do not like cheese.
der Salat	salad	die Salate	Food	Ich nehme einen Salat.	I will have a salad.
der Kuchen	cake	die Kuchen	Food	Der Kuchen ist lecker.	The cake is delicious.
die Suppe	soup	die Suppen	Food	Ich möchte eine Suppe.	I would like a soup.
der Apfel	apple	die Äpfel	Food	Ich esse einen Apfel.	I am eating an apple.
der Tee	tea	die Tees	Food	Ich trinke gern Tee.	I like drinking tea.
die Orange	orange	die Orangen	Food	Ich esse eine Orange.	I am eating an orange.
der Fisch	fish	die Fische	Food	Ich esse gern Fisch.	I like eating fish.
die Tomate	tomato	die Tomaten	Food	Ich mag Tomaten.	I like tomatoes.
das Brot	bread	die Brote	Food	Ich esse Brot mit Käse.	I eat bread with cheese.
das Fleisch	meat		Food	Ich esse kein Fleisch.	I do not eat meat.
das Brötchen	bread roll	die Brötchen	Food	Ich nehme ein Brötchen.	I will have a bread roll.
die Marmelade	jam	die Marmeladen	Food	Ich esse gern Brot mit Marmelade.	I like eating bread with jam.
der Saft	juice	die Säfte	Food	Ich möchte einen Saft.	I would like a juice.
zum Frühstück	for breakfast		Food	Zum Frühstück esse ich Müsli.	I eat muesli for breakfast.
das Frühstück	breakfast		Food	Das Frühstück ist lecker.	The breakfast is delicious.
besonders	especially		Adjectives	Besonders gern mag ich Schokolade.	I especially like chocolate.
Guten Appetit!	Enjoy your meal!		Conversation	Hier bitte, guten Appetit!	There you are, enjoy your meal!
hier bitte	there you are		Conversation	Hier bitte, Ihr Kaffee.	There you are, your coffee.
lecker	delicious		Adjectives	Die Suppe ist lecker.	The soup is delicious.
essen	to eat		Verbs	Was isst du gern?	What do you like eating?
der Ketchup	ketchup (also das Ketchup)		Food	Ich mag Ketchup.	I like ketchup.
der Witz	joke	die Witze	Conversation	Das ist ein Witz.	That is a joke.
fit	fit		Adjectives	Ich bin fit.	I am fit.
intelligent	intelligent		Adjectives	Sie ist intelligent.	She is intelligent.
prima	great		Adjectives	Das ist prima!	That is great!
das Gedicht	poem	die Gedichte	Conversation	Ich schreibe ein Gedicht.	I am writing a poem.
auf dem Tisch	on the table		Food	Das Brot ist auf dem Tisch.	The bread is on the table.
trinken	to drink		Verbs	Was möchtest du trinken?	What would you like to drink?
das Abendessen	dinner	die Abendessen	Food	Zum Abendessen esse ich Fisch.	I eat fish for dinner.
das Mittagessen	lunch	die Mittagessen	Food	Zum Mittagessen esse ich Reis.	I eat rice for lunch.
das Getränk	drink	die Getränke	Food	Mein Lieblingsgetränk ist Tee.	My favourite drink is tea.
das Essen	food / meal	die Essen	Food	Das Essen schmeckt gut.	The food tastes good.
die Butter	butter		Food	Ich esse Brot mit Butter.	I eat bread with butter.
der Schinken	ham	die Schinken	Food	Ich möchte ein Brötchen mit Schinken.	I would like a bread roll with ham.
das Ei	egg	die Eier	Food	Ich esse ein Ei zum Frühstück.	I eat an egg for breakfast.
das Müsli	muesli	die Müslis	Food	Ich esse gern Müsli.	I like eating muesli.
die Milch	milk		Food	Ich trinke Milch.	I drink milk.
wünschen	to wish / want		Verbs	Sie wünschen?	What would you like?
die Tasse	cup	die Tassen	Food	Eine Tasse Kaffee, bitte.	A cup of coffee, please.
möchten	would like		Verbs	Ich möchte einen Kaffee.	I would like a coffee.
der Nusskuchen	nut cake	die Nusskuchen	Food	Ich mag keinen Nusskuchen.	I do not like nut cake.
der Apfelkuchen	apple cake	die Apfelkuchen	Food	Ich nehme einen Apfelkuchen.	I will have an apple cake.
der Schokoladenkuchen	chocolate cake	die Schokoladenkuchen	Food	Ich möchte einen Schokoladenkuchen.	I would like a chocolate cake.
schade	what a pity		Conversation	Schade, wir haben keinen Kuchen mehr.	What a pity, we have no cake left.
na gut	all right then		Conversation	Na gut, dann nehme ich einen Tee.	All right then, I will have a tea.
nehmen	to take / have (when ordering)		Verbs	Was nimmst du?	What will you have?
unser	our		Grammar	Unser Nusskuchen ist sehr gut.	Our nut cake is very good.
der Gast	guest	die Gäste	People	Der Gast möchte einen Kaffee.	The guest would like a coffee.
die Speisekarte	menu (list of dishes)	die Speisekarten	Food	Die Speisekarte, bitte.	The menu, please.
sorgenfrei	free of worry		Adjectives	Ich bin sorgenfrei.	I am free of worry.
der Apfelsaft	apple juice	die Apfelsäfte	Food	Ich trinke gern Apfelsaft.	I like drinking apple juice.
der Orangensaft	orange juice	die Orangensäfte	Food	Einen Orangensaft, bitte.	An orange juice, please.
das Wasser	water		Food	Ich möchte Wasser.	I would like water.
die Speise	dish / food	die Speisen	Food	Die Speisen sind lecker.	The dishes are delicious.
die Vorspeise	starter	die Vorspeisen	Food	Ich nehme eine Vorspeise.	I will have a starter.
der Tomatensalat	tomato salad	die Tomatensalate	Food	Der Tomatensalat schmeckt gut.	The tomato salad tastes good.
die Kartoffel	potato	die Kartoffeln	Food	Ich esse gern Kartoffeln.	I like eating potatoes.
das Würstchen	sausage	die Würstchen	Food	Ich nehme ein Würstchen.	I will have a sausage.
das Hauptgericht	main course	die Hauptgerichte	Food	Als Hauptgericht nehme ich Fisch.	I will have fish as my main course.
die Pommes frites	fries / chips	plural only	Food	Ich liebe Pommes frites.	I love fries.
die Nudel	noodle / pasta	die Nudeln	Food	Ich esse gern Nudeln.	I like eating pasta.
die Soße	sauce	die Soßen	Food	Die Soße ist lecker.	The sauce is delicious.
das Huhn	chicken	die Hühner	Food	Ich möchte Huhn mit Reis.	I would like chicken with rice.
der Reis	rice		Food	Ich esse gern Reis.	I like eating rice.
das Dessert	dessert	die Desserts	Food	Möchtest du ein Dessert?	Would you like a dessert?
das Eis	ice cream		Food	Ein Eis, bitte.	An ice cream, please.
die Vanille	vanilla		Food	Ich mag Vanille.	I like vanilla.
die Erdbeere	strawberry	die Erdbeeren	Food	Ich esse gern Erdbeeren.	I like eating strawberries.
die Kugel	scoop / ball	die Kugeln	Food	Eine Kugel Eis, bitte.	One scoop of ice cream, please.
die Portion	portion	die Portionen	Food	Eine Portion Pommes, bitte.	A portion of fries, please.
die Sahne	cream		Food	Ich nehme einen Kuchen mit Sahne.	I will have a cake with cream.
das Obst	fruit		Food	Ich esse jeden Tag Obst.	I eat fruit every day.
das Stück	piece	die Stücke	Food	Ein Stück Kuchen, bitte.	A piece of cake, please.
die Zitrone	lemon	die Zitronen	Food	Ich trinke Tee mit Zitrone.	I drink tea with lemon.
der Zitronenkuchen	lemon cake	die Zitronenkuchen	Food	Ich mag Zitronenkuchen.	I like lemon cake.
der Nachtisch	dessert		Food	Was möchtest du zum Nachtisch?	What would you like for dessert?
perfekt	perfect		Adjectives	Das Menü ist perfekt.	The set meal is perfect.
das Menü	set meal / menu	die Menüs	Food	Ich nehme das Menü.	I will have the set meal.
schmecken	to taste		Verbs	Das schmeckt gut.	That tastes good.
die Stadt	city / town	die Städte	Places	Ich wohne in der Stadt.	I live in the city.
der Kaffee	coffee	die Kaffees	Food	Ich trinke gern Kaffee.	I like drinking coffee.
die Nuss	nut	die Nüsse	Food	Ich mag keine Nüsse.	I do not like nuts.
das Schinkenbrötchen	ham roll	die Schinkenbrötchen	Food	Ich nehme ein Schinkenbrötchen.	I will have a ham roll.
die Tomatensuppe	tomato soup	die Tomatensuppen	Food	Eine Tomatensuppe, bitte.	A tomato soup, please.
der Käsekuchen	cheesecake	die Käsekuchen	Food	Ich möchte einen Käsekuchen.	I would like a cheesecake.
das Schinkenbrot	ham sandwich	die Schinkenbrote	Food	Ich esse ein Schinkenbrot.	I am eating a ham sandwich.
Ich auch.	Me too.		Conversation	Ich mag Tee. – Ich auch.	I like tea. – Me too.
Ich nicht.	I do not.		Conversation	Ich mag Käse. – Ich nicht.	I like cheese. – I do not.
Ich schon.	I do (contrasting a negative statement).		Conversation	Ich mag keinen Käse. – Ich schon.	I do not like cheese. – I do.
Ich auch nicht.	Me neither.		Conversation	Ich mag keinen Fisch. – Ich auch nicht.	I do not like fish. – Me neither.
der Hunger	hunger		Food	Ich habe Hunger.	I am hungry.
das Gemüse	vegetables		Food	Ich esse gern Gemüse.	I like eating vegetables.
der Honig	honey		Food	Ich esse Brot mit Honig.	I eat bread with honey.
das Rezept	recipe	die Rezepte	Food	Das Rezept ist einfach.	The recipe is simple.
die Küche	kitchen	die Küchen	Food	Ich koche in der Küche.	I cook in the kitchen.
der Garten	garden	die Gärten	Places	Ich habe einen Garten.	I have a garden.
