"card","meaning","german","plural","pdfEntries","teacherRows","url","aliases"
"W001","how","wie","","W001","","https://hrezaii95.github.io/german-learning-exam/vocabulary/w001/",""
"W002","who","wer","","W002","","https://hrezaii95.github.io/german-learning-exam/vocabulary/w002/",""
"W003","where from","woher","","W003","","https://hrezaii95.github.io/german-learning-exam/vocabulary/w003/",""
"W004","I","ich","","W004","","https://hrezaii95.github.io/german-learning-exam/vocabulary/w004/","/vocabulary/id-6c65783a696368"
"W005","you (one person, informal)","du","","W005","","https://hrezaii95.github.io/german-learning-exam/vocabulary/w005/","/vocabulary/id-6c65783a6475"
"W006","he","er","","W006","","https://hrezaii95.github.io/german-learning-exam/vocabulary/w006/","/vocabulary/id-6c65783a6572"
"W007","she / they","sie","","W007","","https://hrezaii95.github.io/german-learning-exam/vocabulary/w007/","/vocabulary/id-6c65783a736965"
"W008","you (formal, singular or plural)","Sie","","W008","","https://hrezaii95.github.io/german-learning-exam/vocabulary/w008/","/vocabulary/id-6c65783a7369652d666f726d616c"
"W009","to you / for you (informal)","dir / Und dir?","","W009","","https://hrezaii95.github.io/german-learning-exam/vocabulary/w009/","/vocabulary/id-6c65783a756e642d646972"
"W010","this / that","das","","W010","","https://hrezaii95.github.io/german-learning-exam/vocabulary/w010/",""
"W011","my","mein / meine","","W011","","https://hrezaii95.github.io/german-learning-exam/vocabulary/w011/",""
"W012","to be called / have the name","heißen","","W012","","https://hrezaii95.github.io/german-learning-exam/vocabulary/w012/",""
"W013","to be","sein","","W013","","https://hrezaii95.github.io/german-learning-exam/vocabulary/w013/",""
"W014","to come","kommen","","W014","","https://hrezaii95.github.io/german-learning-exam/vocabulary/w014/",""
"W015","to learn","lernen","","W015","","https://hrezaii95.github.io/german-learning-exam/vocabulary/w015/",""
"W016","alphabet","das Alphabet","die Alphabete","W016","","https://hrezaii95.github.io/german-learning-exam/vocabulary/w016/",""
"W017","name","der Name","die Namen","W017","","https://hrezaii95.github.io/german-learning-exam/vocabulary/w017/","/vocabulary/id-6c65783a6e616d65"
"W018","first name","der Vorname","die Vornamen","W018","","https://hrezaii95.github.io/german-learning-exam/vocabulary/w018/","/vocabulary/id-6c65783a766f726e616d65"
"W019","surname / family name","der Familienname","die Familiennamen","W019","","https://hrezaii95.github.io/german-learning-exam/vocabulary/w019/","/vocabulary/id-6c65783a66616d696c69656e6e616d65"
"W020","music","die Musik","","W020","","https://hrezaii95.github.io/german-learning-exam/vocabulary/w020/",""
"W021","country","das Land","die Länder","W021","","https://hrezaii95.github.io/german-learning-exam/vocabulary/w021/",""
"W022","information / piece of information","die Information","die Informationen","W022","","https://hrezaii95.github.io/german-learning-exam/vocabulary/w022/",""
"W023","Mr / gentleman","der Herr","die Herren","W023","","https://hrezaii95.github.io/german-learning-exam/vocabulary/w023/","/vocabulary/id-6c65783a68657272"
"W024","Ms / Mrs; woman / wife","die Frau","die Frauen","W024","","https://hrezaii95.github.io/german-learning-exam/vocabulary/w024/","/vocabulary/id-6c65783a66726175"
"W025","conversation","das Gespräch","die Gespräche","W025","","https://hrezaii95.github.io/german-learning-exam/vocabulary/w025/",""
"W026","Hello!","Hallo!","","W026","","https://hrezaii95.github.io/german-learning-exam/vocabulary/w026/","/vocabulary/id-6c65783a68616c6c6f"
"W027","Bye!","Tschüs!","","W027","","https://hrezaii95.github.io/german-learning-exam/vocabulary/w027/","/vocabulary/id-6c65783a74736368756573"
"W028","Thank you!","Danke!","","W028","","https://hrezaii95.github.io/german-learning-exam/vocabulary/w028/","/vocabulary/id-6c65783a64616e6b65"
"W029","Excuse me! / Sorry!","Entschuldigung!","","W029","","https://hrezaii95.github.io/german-learning-exam/vocabulary/w029/","/vocabulary/id-6c65783a656e74736368756c646967756e67"
"W030","Hello! / Good day!","Guten Tag!","","W030","","https://hrezaii95.github.io/german-learning-exam/vocabulary/w030/","/vocabulary/id-6c65783a677574656e2d746167"
"W031","Good morning!","Guten Morgen!","","W031","","https://hrezaii95.github.io/german-learning-exam/vocabulary/w031/","/vocabulary/id-6c65783a677574656e2d6d6f7267656e"
"W032","Good evening!","Guten Abend!","","W032","","https://hrezaii95.github.io/german-learning-exam/vocabulary/w032/","/vocabulary/id-6c65783a677574656e2d6162656e64"
"W033","Good night!","Gute Nacht!","","W033","","https://hrezaii95.github.io/german-learning-exam/vocabulary/w033/","/vocabulary/id-6c65783a677574652d6e61636874"
"W034","Goodbye!","Auf Wiedersehen!","","W034","","https://hrezaii95.github.io/german-learning-exam/vocabulary/w034/","/vocabulary/id-6c65783a6175662d776965646572736568656e"
"W035","and","und","","W035","","https://hrezaii95.github.io/german-learning-exam/vocabulary/w035/",""
"W036","from","aus","","W036","","https://hrezaii95.github.io/german-learning-exam/vocabulary/w036/",""
"W037","also / too","auch","","W037","","https://hrezaii95.github.io/german-learning-exam/vocabulary/w037/",""
"W038","not","nicht","","W038","","https://hrezaii95.github.io/german-learning-exam/vocabulary/w038/",""
"W039","very","sehr","","W039","","https://hrezaii95.github.io/german-learning-exam/vocabulary/w039/",""
"W040","so / that","so","","W040","","https://hrezaii95.github.io/german-learning-exam/vocabulary/w040/",""
"W041","good / well","gut / Gut, danke. / Nicht so gut. / Sehr gut, danke.","","W041","","https://hrezaii95.github.io/german-learning-exam/vocabulary/w041/","/vocabulary/id-6c65783a6775742d64616e6b65, /vocabulary/id-6c65783a6e696368742d736f2d677574, /vocabulary/id-6c65783a736568722d6775742d64616e6b65"
"W042","great / excellent","super / Auch super.","","W042","","https://hrezaii95.github.io/german-learning-exam/vocabulary/w042/","/vocabulary/id-6c65783a7375706572, /vocabulary/id-6c65783a617563682d7375706572"
"W043","it","es","","W043","","https://hrezaii95.github.io/german-learning-exam/vocabulary/w043/",""
"W044","please / pardon","bitte / Wie bitte?","","W044","","https://hrezaii95.github.io/german-learning-exam/vocabulary/w044/","/vocabulary/id-6c65783a7769652d6269747465"
"W045","to you / for you (formal)","Ihnen","","W045","","https://hrezaii95.github.io/german-learning-exam/vocabulary/w045/",""
"W046","day","der Tag","die Tage","W046","","https://hrezaii95.github.io/german-learning-exam/vocabulary/w046/",""
"W047","morning","der Morgen","die Morgen","W047","","https://hrezaii95.github.io/german-learning-exam/vocabulary/w047/",""
"W048","evening","der Abend","die Abende","W048","","https://hrezaii95.github.io/german-learning-exam/vocabulary/w048/",""
"W049","night","die Nacht","die Nächte","W049","","https://hrezaii95.github.io/german-learning-exam/vocabulary/w049/",""
"W050","Eritrea","Eritrea","","W050","","https://hrezaii95.github.io/german-learning-exam/vocabulary/w050/","/vocabulary/id-6c65783a65726974726561"
"W051","Germany","Deutschland","","W051","","https://hrezaii95.github.io/german-learning-exam/vocabulary/w051/","/vocabulary/id-6c65783a646575747363686c616e64"
"W052","Switzerland","die Schweiz","","W052","","https://hrezaii95.github.io/german-learning-exam/vocabulary/w052/","/vocabulary/id-6c65783a7363687765697a"
"W053","Turkey","die Türkei","","W053","","https://hrezaii95.github.io/german-learning-exam/vocabulary/w053/","/vocabulary/id-6c65783a747565726b6569"
"W054","Spain","Spanien","","W054","","https://hrezaii95.github.io/german-learning-exam/vocabulary/w054/","/vocabulary/id-6c65783a7370616e69656e"
"W055","France","Frankreich","","W055","","https://hrezaii95.github.io/german-learning-exam/vocabulary/w055/","/vocabulary/id-6c65783a6672616e6b7265696368"
"W056","Austria","Österreich","","W056","","https://hrezaii95.github.io/german-learning-exam/vocabulary/w056/","/vocabulary/id-6c65783a6f65737465727265696368"
"W057","the USA","die USA","","W057","","https://hrezaii95.github.io/german-learning-exam/vocabulary/w057/","/vocabulary/id-6c65783a757361"
"W058","ah / I see","ah","","W058","","https://hrezaii95.github.io/german-learning-exam/vocabulary/w058/",""
"W059","well-known person / public figure","die bekannte Persönlichkeit","die bekannten Persönlichkeiten","W059","","https://hrezaii95.github.io/german-learning-exam/vocabulary/w059/",""
"W060","South Africa","Südafrika","","W060","","https://hrezaii95.github.io/german-learning-exam/vocabulary/w060/",""
"W061","to tick / mark with a cross","ankreuzen","","W061","","https://hrezaii95.github.io/german-learning-exam/vocabulary/w061/",""
"W062","to spell out","buchstabieren","","W062","","https://hrezaii95.github.io/german-learning-exam/vocabulary/w062/",""
"W063","to throw / toss","werfen","","W063","","https://hrezaii95.github.io/german-learning-exam/vocabulary/w063/",""
"W064","coin","die Münze","die Münzen","W064","","https://hrezaii95.github.io/german-learning-exam/vocabulary/w064/",""
"W065","test","der Test","die Tests","W065","","https://hrezaii95.github.io/german-learning-exam/vocabulary/w065/",""
"W066","quick test","der Schnelltest","die Schnelltests","W066","","https://hrezaii95.github.io/german-learning-exam/vocabulary/w066/",""
"W067","to have","haben","","W067","","https://hrezaii95.github.io/german-learning-exam/vocabulary/w067/",""
"W068","to live / reside","wohnen","","W068","","https://hrezaii95.github.io/german-learning-exam/vocabulary/w068/",""
"W069","to live","leben","","W069","","https://hrezaii95.github.io/german-learning-exam/vocabulary/w069/",""
"W070","to live together","zusammenleben","","W070","","https://hrezaii95.github.io/german-learning-exam/vocabulary/w070/","/vocabulary/id-6c65783a7a7573616d6d656e6c6562656e"
"W071","to do / make","machen","","W071","","https://hrezaii95.github.io/german-learning-exam/vocabulary/w071/",""
"W072","to work","arbeiten","","W072","","https://hrezaii95.github.io/german-learning-exam/vocabulary/w072/",""
"W073","to collect","sammeln","","W073","","https://hrezaii95.github.io/german-learning-exam/vocabulary/w073/",""
"W074","to study at university","studieren","","W074","","https://hrezaii95.github.io/german-learning-exam/vocabulary/w074/",""
"W075","no / not a / not any","kein / keine","","W075","","https://hrezaii95.github.io/german-learning-exam/vocabulary/w075/",""
"W076","in","in","","W076","","https://hrezaii95.github.io/german-learning-exam/vocabulary/w076/",""
"W077","you (plural, informal)","ihr","","W077","","https://hrezaii95.github.io/german-learning-exam/vocabulary/w077/",""
"W078","we","wir","","W078","","https://hrezaii95.github.io/german-learning-exam/vocabulary/w078/",""
"W079","yes","ja","","W079","","https://hrezaii95.github.io/german-learning-exam/vocabulary/w079/",""
"W080","but","aber","","W080","","https://hrezaii95.github.io/german-learning-exam/vocabulary/w080/",""
"W081","where","wo","","W081","","https://hrezaii95.github.io/german-learning-exam/vocabulary/w081/",""
"W082","what","was","","W082","","https://hrezaii95.github.io/german-learning-exam/vocabulary/w082/",""
"W083","as","als","","W083","","https://hrezaii95.github.io/german-learning-exam/vocabulary/w083/",""
"W084","at / for","bei","","W084","","https://hrezaii95.github.io/german-learning-exam/vocabulary/w084/",""
"W085","from / of","von","","W085","","https://hrezaii95.github.io/german-learning-exam/vocabulary/w085/",""
"W086","old","alt","","W086","","https://hrezaii95.github.io/german-learning-exam/vocabulary/w086/",""
"W087","married","verheiratet","","W087","","https://hrezaii95.github.io/german-learning-exam/vocabulary/w087/","/vocabulary/id-6c65783a7665726865697261746574"
"W088","together","zusammen","","W088","","https://hrezaii95.github.io/german-learning-exam/vocabulary/w088/",""
"W089","correct / right","richtig","","W089","","https://hrezaii95.github.io/german-learning-exam/vocabulary/w089/",""
"W090","wrong / incorrect","falsch","","W090","","https://hrezaii95.github.io/german-learning-exam/vocabulary/w090/",""
"W091","divorced","geschieden","","W091","","https://hrezaii95.github.io/german-learning-exam/vocabulary/w091/","/vocabulary/id-6c65783a6765736368696564656e"
"W092","alone / on one's own","allein","","W092","","https://hrezaii95.github.io/german-learning-exam/vocabulary/w092/","/vocabulary/id-6c65783a616c6c65696e"
"W093","professionally / for a living","beruflich","","W093","","https://hrezaii95.github.io/german-learning-exam/vocabulary/w093/",""
"W094","now","jetzt","","W094","","https://hrezaii95.github.io/german-learning-exam/vocabulary/w094/",""
"W095","minus","minus","","W095","","https://hrezaii95.github.io/german-learning-exam/vocabulary/w095/",""
"W096","plus","plus","","W096","","https://hrezaii95.github.io/german-learning-exam/vocabulary/w096/",""
"W097","year","das Jahr","die Jahre","W097","","https://hrezaii95.github.io/german-learning-exam/vocabulary/w097/","/vocabulary/id-6c65783a6a616872"
"W098","child","das Kind","die Kinder","W098","","https://hrezaii95.github.io/german-learning-exam/vocabulary/w098/","/vocabulary/id-6c65783a6b696e64"
"W099","interview","das Interview","die Interviews","W099","","https://hrezaii95.github.io/german-learning-exam/vocabulary/w099/","/vocabulary/id-6c65783a696e74657276696577"
"W100","partner","der Partner / die Partnerin","die Partner / die Partnerinnen","W100, W101","","https://hrezaii95.github.io/german-learning-exam/vocabulary/w100/","/vocabulary/id-6c65783a706172746e6572, /vocabulary/id-6c65783a706172746e6572696e"
"W102","sentence","der Satz","die Sätze","W102","","https://hrezaii95.github.io/german-learning-exam/vocabulary/w102/",""
"W103","point / full stop","der Punkt","die Punkte","W103","","https://hrezaii95.github.io/german-learning-exam/vocabulary/w103/",""
"W104","number","die Zahl","die Zahlen","W104","","https://hrezaii95.github.io/german-learning-exam/vocabulary/w104/",""
"W105","riddle / puzzle","das Rätsel","die Rätsel","W105","","https://hrezaii95.github.io/german-learning-exam/vocabulary/w105/",""
"W106","single person","der Single","die Singles","W106","","https://hrezaii95.github.io/german-learning-exam/vocabulary/w106/","/vocabulary/id-6c65783a73696e676c65"
"W107","company","die Firma","die Firmen","W107","","https://hrezaii95.github.io/german-learning-exam/vocabulary/w107/","/vocabulary/id-6c65783a6669726d61"
"W108","job","der Job","die Jobs","W108","","https://hrezaii95.github.io/german-learning-exam/vocabulary/w108/","/vocabulary/id-6c65783a6a6f62"
"W109","occupation / profession","der Beruf","die Berufe","W109","","https://hrezaii95.github.io/german-learning-exam/vocabulary/w109/","/vocabulary/id-6c65783a6265727566"
"W110","job / position","die Stelle","die Stellen","W110","","https://hrezaii95.github.io/german-learning-exam/vocabulary/w110/","/vocabulary/id-6c65783a7374656c6c65"
"W111","vocational training / apprenticeship","die Ausbildung","die Ausbildungen","W111","","https://hrezaii95.github.io/german-learning-exam/vocabulary/w111/","/vocabulary/id-6c65783a61757362696c64756e67"
"W112","internship / work placement","das Praktikum","die Praktika","W112","","https://hrezaii95.github.io/german-learning-exam/vocabulary/w112/","/vocabulary/id-6c65783a7072616b74696b756d"
"W113","moment","der Moment","die Momente","W113","","https://hrezaii95.github.io/german-learning-exam/vocabulary/w113/",""
"W114","origin","die Herkunft","","W114","","https://hrezaii95.github.io/german-learning-exam/vocabulary/w114/","/vocabulary/id-6c65783a6865726b756e6674"
"W115","place of residence","der Wohnort","die Wohnorte","W115","","https://hrezaii95.github.io/german-learning-exam/vocabulary/w115/","/vocabulary/id-6c65783a776f686e6f7274"
"W116","age","das Alter","","W116","","https://hrezaii95.github.io/german-learning-exam/vocabulary/w116/","/vocabulary/id-6c65783a616c746572"
"W117","marital status","der Familienstand","","W117","","https://hrezaii95.github.io/german-learning-exam/vocabulary/w117/","/vocabulary/id-6c65783a66616d696c69656e7374616e64"
"W118","university studies","das Studium","","W118","","https://hrezaii95.github.io/german-learning-exam/vocabulary/w118/","/vocabulary/id-6c65783a7374756469756d"
"W119","animal","das Tier","die Tiere","W119","","https://hrezaii95.github.io/german-learning-exam/vocabulary/w119/",""
"W120","parcel delivery worker","der Paketzusteller / die Paketzustellerin","die Paketzusteller / die Paketzustellerinnen","W120, W121","","https://hrezaii95.github.io/german-learning-exam/vocabulary/w120/","/vocabulary/id-6c65783a70616b65747a757374656c6c6572, /vocabulary/id-6c65783a70616b65747a757374656c6c6572696e"
"W122","hairdresser","der Friseur / die Friseurin","die Friseure / die Friseurinnen","W122, W123","5","https://hrezaii95.github.io/german-learning-exam/vocabulary/w122/","/vocabulary/id-6c65783a66726973657572, /vocabulary/id-6c65783a66726973657572696e, /collections/professions/05"
"W124","waiter / server","der Kellner / die Kellnerin","die Kellner / die Kellnerinnen","W124, W125","17","https://hrezaii95.github.io/german-learning-exam/vocabulary/w124/","/vocabulary/id-6c65783a6b656c6c6e6572, /vocabulary/id-6c65783a6b656c6c6e6572696e, /collections/professions/17"
"W126","engineer","der Ingenieur / die Ingenieurin","die Ingenieure / die Ingenieurinnen","W126, W127","24","https://hrezaii95.github.io/german-learning-exam/vocabulary/w126/","/vocabulary/id-6c65783a696e67656e69657572, /vocabulary/id-6c65783a696e67656e69657572696e, /collections/professions/24"
"W128","automotive mechatronics technician","der Kfz-Mechatroniker / die Kfz-Mechatronikerin","die Kfz-Mechatroniker / die Kfz-Mechatronikerinnen","W128, W129","","https://hrezaii95.github.io/german-learning-exam/vocabulary/w128/","/vocabulary/id-6c65783a6b667a2d6d6563686174726f6e696b6572, /vocabulary/id-6c65783a6b667a2d6d6563686174726f6e696b6572696e"
"W130","university student","der Student / die Studentin","die Studenten / die Studentinnen","W130, W131","","https://hrezaii95.github.io/german-learning-exam/vocabulary/w130/","/vocabulary/id-6c65783a73747564656e74, /vocabulary/id-6c65783a73747564656e74696e"
"W132","journalist","der Journalist / die Journalistin","die Journalisten / die Journalistinnen","W132, W133","46","https://hrezaii95.github.io/german-learning-exam/vocabulary/w132/","/vocabulary/id-6c65783a6a6f75726e616c697374, /vocabulary/id-6c65783a6a6f75726e616c697374696e, /collections/professions/46"
"W134","architect","der Architekt / die Architektin","die Architekten / die Architektinnen","W134, W135","12","https://hrezaii95.github.io/german-learning-exam/vocabulary/w134/","/vocabulary/id-6c65783a617263686974656b74, /vocabulary/id-6c65783a617263686974656b74696e, /collections/professions/12"
"W136","doctor","der Arzt / die Ärztin","die Ärzte / die Ärztinnen","W136, W137","23","https://hrezaii95.github.io/german-learning-exam/vocabulary/w136/","/vocabulary/id-6c65783a6165727a74696e, /vocabulary/id-6c65783a61727a74, /collections/professions/23"
"W138","teacher","der Lehrer / die Lehrerin","die Lehrer / die Lehrerinnen","W138, W139","13","https://hrezaii95.github.io/german-learning-exam/vocabulary/w138/","/vocabulary/id-6c65783a6c6568726572, /vocabulary/id-6c65783a6c6568726572696e, /collections/professions/13"
"W140","shop assistant / salesperson","der Verkäufer / die Verkäuferin","die Verkäufer / die Verkäuferinnen","W140, W141","19","https://hrezaii95.github.io/german-learning-exam/vocabulary/w140/","/vocabulary/id-6c65783a7665726b616575666572, /vocabulary/id-6c65783a7665726b616575666572696e, /collections/professions/19"
"W142","school pupil","der Schüler / die Schülerin","die Schüler / die Schülerinnen","W142, W143","","https://hrezaii95.github.io/german-learning-exam/vocabulary/w142/","/vocabulary/id-6c65783a73636875656c6572, /vocabulary/id-6c65783a73636875656c6572696e"
"W144","retired person / pensioner","der Rentner / die Rentnerin","die Rentner / die Rentnerinnen","W144, W145","","https://hrezaii95.github.io/german-learning-exam/vocabulary/w144/","/vocabulary/id-6c65783a72656e746e6572, /vocabulary/id-6c65783a72656e746e6572696e"
"W146","veterinarian","der Tierarzt / die Tierärztin","die Tierärzte / die Tierärztinnen","W146, W147","34","https://hrezaii95.github.io/german-learning-exam/vocabulary/w146/","/collections/professions/34"
"W148","actor","der Schauspieler / die Schauspielerin","die Schauspieler / die Schauspielerinnen","W148, W149","20","https://hrezaii95.github.io/german-learning-exam/vocabulary/w148/","/collections/professions/20"
"W150","singer","der Sänger / die Sängerin","die Sänger / die Sängerinnen","W150, W151","33","https://hrezaii95.github.io/german-learning-exam/vocabulary/w150/","/collections/professions/33"
"W152","nurse","die Krankenschwester / der Krankenpfleger","die Krankenschwestern / die Krankenpfleger","W152, W270","28","https://hrezaii95.github.io/german-learning-exam/vocabulary/w152/","/collections/professions/28"
"W153","Thank you very much!","Vielen Dank!","","W153","","https://hrezaii95.github.io/german-learning-exam/vocabulary/w153/",""
"W154","thanks / gratitude","der Dank","","W154","","https://hrezaii95.github.io/german-learning-exam/vocabulary/w154/",""
"W155","freight forwarding company","die Speditionsfirma","die Speditionsfirmen","W155","","https://hrezaii95.github.io/german-learning-exam/vocabulary/w155/",""
"W156","opera / opera house","die Oper","die Opern","W156","","https://hrezaii95.github.io/german-learning-exam/vocabulary/w156/",""
"W157","or / right?","oder","","W157","","https://hrezaii95.github.io/german-learning-exam/vocabulary/w157/",""
"W158","for","für","","W158","","https://hrezaii95.github.io/german-learning-exam/vocabulary/w158/",""
"W159","more","mehr","","W159","","https://hrezaii95.github.io/german-learning-exam/vocabulary/w159/",""
"W160","finished / ready","fertig","","W160","","https://hrezaii95.github.io/german-learning-exam/vocabulary/w160/",""
"W161","already","schon","","W161","","https://hrezaii95.github.io/german-learning-exam/vocabulary/w161/",""
"W162","text","der Text","die Texte","W162","","https://hrezaii95.github.io/german-learning-exam/vocabulary/w162/","/vocabulary/id-6c65783a74657874"
"W163","Mexico","Mexiko","","W163","","https://hrezaii95.github.io/german-learning-exam/vocabulary/w163/",""
"W164","Portugal","Portugal","","W164","","https://hrezaii95.github.io/german-learning-exam/vocabulary/w164/",""
"W165","medicine (field of study)","die Medizin","","W165","","https://hrezaii95.github.io/german-learning-exam/vocabulary/w165/",""
"W166","telephone number","die Telefonnummer","die Telefonnummern","W166","","https://hrezaii95.github.io/german-learning-exam/vocabulary/w166/",""
"W167","mechanic","der Mechaniker / die Mechanikerin","die Mechaniker / die Mechanikerinnen","W167, W168","","https://hrezaii95.github.io/german-learning-exam/vocabulary/w167/",""
"W169","to think / believe","glauben","","W169","","https://hrezaii95.github.io/german-learning-exam/vocabulary/w169/",""
"W170","to plan","planen","","W170","","https://hrezaii95.github.io/german-learning-exam/vocabulary/w170/",""
"W171","to speak","sprechen","","W171","","https://hrezaii95.github.io/german-learning-exam/vocabulary/w171/",""
"W172","your (one person, informal)","dein / deine","","W172","","https://hrezaii95.github.io/german-learning-exam/vocabulary/w172/",""
"W173","no","nein","","W173","","https://hrezaii95.github.io/german-learning-exam/vocabulary/w173/",""
"W174","yes (contradicting a negative question or claim)","doch","","W174","","https://hrezaii95.github.io/german-learning-exam/vocabulary/w174/",""
"W175","which","welche","","W175","","https://hrezaii95.github.io/german-learning-exam/vocabulary/w175/",""
"W176","a little (bit)","ein bisschen","","W176","","https://hrezaii95.github.io/german-learning-exam/vocabulary/w176/",""
"W177","not at all","gar nicht","","W177","","https://hrezaii95.github.io/german-learning-exam/vocabulary/w177/",""
"W178","a / an; one","ein / eine","","W178","","https://hrezaii95.github.io/german-learning-exam/vocabulary/w178/",""
"W179","family","die Familie","die Familien","W179","","https://hrezaii95.github.io/german-learning-exam/vocabulary/w179/",""
"W180","mother","die Mutter","die Mütter","W180","","https://hrezaii95.github.io/german-learning-exam/vocabulary/w180/",""
"W181","father","der Vater","die Väter","W181","","https://hrezaii95.github.io/german-learning-exam/vocabulary/w181/",""
"W182","sister","die Schwester","die Schwestern","W182","","https://hrezaii95.github.io/german-learning-exam/vocabulary/w182/",""
"W183","uncle","der Onkel","die Onkel","W183","","https://hrezaii95.github.io/german-learning-exam/vocabulary/w183/",""
"W184","grandma","die Oma","die Omas","W184","","https://hrezaii95.github.io/german-learning-exam/vocabulary/w184/",""
"W185","grandchild","das Enkelkind","die Enkelkinder","W185","","https://hrezaii95.github.io/german-learning-exam/vocabulary/w185/",""
"W186","parents","die Eltern","","W186","","https://hrezaii95.github.io/german-learning-exam/vocabulary/w186/",""
"W187","son","der Sohn","die Söhne","W187","","https://hrezaii95.github.io/german-learning-exam/vocabulary/w187/",""
"W188","daughter","die Tochter","die Töchter","W188","","https://hrezaii95.github.io/german-learning-exam/vocabulary/w188/",""
"W189","brother","der Bruder","die Brüder","W189","","https://hrezaii95.github.io/german-learning-exam/vocabulary/w189/",""
"W190","siblings","die Geschwister","","W190","","https://hrezaii95.github.io/german-learning-exam/vocabulary/w190/",""
"W191","grandfather","der Großvater","die Großväter","W191","","https://hrezaii95.github.io/german-learning-exam/vocabulary/w191/",""
"W192","grandmother","die Großmutter","die Großmütter","W192","","https://hrezaii95.github.io/german-learning-exam/vocabulary/w192/",""
"W193","grandparents","die Großeltern","","W193","","https://hrezaii95.github.io/german-learning-exam/vocabulary/w193/",""
"W194","grandson / granddaughter","der Enkel / die Enkelin","die Enkel / die Enkelinnen","W194, W195","","https://hrezaii95.github.io/german-learning-exam/vocabulary/w194/",""
"W196","husband","der Ehemann","die Ehemänner","W196","","https://hrezaii95.github.io/german-learning-exam/vocabulary/w196/",""
"W197","wife","die Ehefrau","die Ehefrauen","W197","","https://hrezaii95.github.io/german-learning-exam/vocabulary/w197/",""
"W198","relative","der Verwandte / die Verwandte","die Verwandten / die Verwandten","W198, W199","","https://hrezaii95.github.io/german-learning-exam/vocabulary/w198/",""
"W200","aunt","die Tante","die Tanten","W200","","https://hrezaii95.github.io/german-learning-exam/vocabulary/w200/",""
"W201","man / husband","der Mann","die Männer","W201","","https://hrezaii95.github.io/german-learning-exam/vocabulary/w201/",""
"W202","dad","der Papa","die Papas","W202","","https://hrezaii95.github.io/german-learning-exam/vocabulary/w202/",""
"W203","mum / mom","die Mama","die Mamas","W203","","https://hrezaii95.github.io/german-learning-exam/vocabulary/w203/",""
"W204","grandpa","der Opa","die Opas","W204","","https://hrezaii95.github.io/german-learning-exam/vocabulary/w204/",""
"W205","celebration / party","das Fest","die Feste","W205","","https://hrezaii95.github.io/german-learning-exam/vocabulary/w205/",""
"W206","list","die Liste","die Listen","W206","","https://hrezaii95.github.io/german-learning-exam/vocabulary/w206/",""
"W207","member","das Mitglied","die Mitglieder","W207","","https://hrezaii95.github.io/german-learning-exam/vocabulary/w207/",""
"W208","language","die Sprache","die Sprachen","W208","","https://hrezaii95.github.io/german-learning-exam/vocabulary/w208/",""
"W209","Poland","Polen","","W209","","https://hrezaii95.github.io/german-learning-exam/vocabulary/w209/",""
"W210","Spanish","Spanisch","","W210","","https://hrezaii95.github.io/german-learning-exam/vocabulary/w210/",""
"W211","English","Englisch","","W211","","https://hrezaii95.github.io/german-learning-exam/vocabulary/w211/",""
"W212","Russian","Russisch","","W212","","https://hrezaii95.github.io/german-learning-exam/vocabulary/w212/",""
"W213","Chinese","Chinesisch","","W213","","https://hrezaii95.github.io/german-learning-exam/vocabulary/w213/",""
"W214","Polish","Polnisch","","W214","","https://hrezaii95.github.io/german-learning-exam/vocabulary/w214/",""
"W215","French","Französisch","","W215","","https://hrezaii95.github.io/german-learning-exam/vocabulary/w215/",""
"W216","Italian","Italienisch","","W216","","https://hrezaii95.github.io/german-learning-exam/vocabulary/w216/",""
"W217","Turkish","Türkisch","","W217","","https://hrezaii95.github.io/german-learning-exam/vocabulary/w217/",""
"W218","German","Deutsch","","W218","","https://hrezaii95.github.io/german-learning-exam/vocabulary/w218/",""
"W219","short personal profile","der Steckbrief","die Steckbriefe","W219","","https://hrezaii95.github.io/german-learning-exam/vocabulary/w219/",""
"W220","letter","der Brief","die Briefe","W220","","https://hrezaii95.github.io/german-learning-exam/vocabulary/w220/",""
"W221","family member","das Familienmitglied","die Familienmitglieder","W221","","https://hrezaii95.github.io/german-learning-exam/vocabulary/w221/",""
"W222","family celebration","das Familienfest","die Familienfeste","W222","","https://hrezaii95.github.io/german-learning-exam/vocabulary/w222/",""
"W223","mechatronics technician","der Mechatroniker / die Mechatronikerin","die Mechatroniker / die Mechatronikerinnen","W223, W224","","https://hrezaii95.github.io/german-learning-exam/vocabulary/w223/",""
"W225","Italy","Italien","","W225","","https://hrezaii95.github.io/german-learning-exam/vocabulary/w225/",""
"W226","Sweden","Schweden","","W226","","https://hrezaii95.github.io/german-learning-exam/vocabulary/w226/",""
"W227","China","China","","W227","","https://hrezaii95.github.io/german-learning-exam/vocabulary/w227/",""
"W228","England","England","","W228","","https://hrezaii95.github.io/german-learning-exam/vocabulary/w228/",""
"W229","Swedish","Schwedisch","","W229","","https://hrezaii95.github.io/german-learning-exam/vocabulary/w229/",""
"W230","Electrician","der Elektriker / die Elektrikerin","die Elektriker / die Elektrikerinnen","W230, W231","1","https://hrezaii95.github.io/german-learning-exam/vocabulary/w230/","/collections/professions/01"
"W232","Gardener","der Gärtner / die Gärtnerin","die Gärtner / die Gärtnerinnen","W232, W233","2","https://hrezaii95.github.io/german-learning-exam/vocabulary/w232/","/collections/professions/02"
"W234","Auto Mechanic","der Automechaniker / die Automechanikerin","die Automechaniker / die Automechanikerinnen","W234, W235","3","https://hrezaii95.github.io/german-learning-exam/vocabulary/w234/","/collections/professions/03"
"W236","Bus Driver","der Busfahrer / die Busfahrerin","die Busfahrer / die Busfahrerinnen","W236, W237","4","https://hrezaii95.github.io/german-learning-exam/vocabulary/w236/","/collections/professions/04"
"W238","road / street construction worker","der Straßenarbeiter / die Straßenarbeiterin","die Straßenarbeiter / die Straßenarbeiterinnen","W238, W239","6","https://hrezaii95.github.io/german-learning-exam/vocabulary/w238/","/collections/professions/06"
"W240","Baker","der Bäcker / die Bäckerin","die Bäcker / die Bäckerinnen","W240, W241","7","https://hrezaii95.github.io/german-learning-exam/vocabulary/w240/","/collections/professions/07"
"W242","Bricklayer","der Maurer / die Maurerin","die Maurer / die Maurerinnen","W242, W243","8","https://hrezaii95.github.io/german-learning-exam/vocabulary/w242/","/collections/professions/08"
"W244","Farmer","der Landwirt / die Landwirtin / der Bauer / die Bäuerin","die Landwirte / die Landwirtinnen / die Bauern / die Bäuerinnen","W244, W245, W246, W247","9","https://hrezaii95.github.io/german-learning-exam/vocabulary/w244/","/collections/professions/09"
"W248","Photographer","der Fotograf / die Fotografin","die Fotografen / die Fotografinnen","W248, W249","10","https://hrezaii95.github.io/german-learning-exam/vocabulary/w248/","/collections/professions/10"
"W250","Painter","der Maler / die Malerin","die Maler / die Malerinnen","W250, W251","11","https://hrezaii95.github.io/german-learning-exam/vocabulary/w250/","/collections/professions/11"
"W252","Cook/Chef","der Koch / die Köchin","die Köche / die Köchinnen","W252, W253","14","https://hrezaii95.github.io/german-learning-exam/vocabulary/w252/","/collections/professions/14"
"W254","Refuse Collector","der Müllwerker / die Müllwerkerin","die Müllwerker / die Müllwerkerinnen","W254, W255","15","https://hrezaii95.github.io/german-learning-exam/vocabulary/w254/","/collections/professions/15"
"W256","Butcher","der Metzger / die Metzgerin","die Metzger / die Metzgerinnen","W256, W257","16","https://hrezaii95.github.io/german-learning-exam/vocabulary/w256/","/collections/professions/16"
"W258","Dentist","der Zahnarzt / die Zahnärztin","die Zahnärzte / die Zahnärztinnen","W258, W259","18","https://hrezaii95.github.io/german-learning-exam/vocabulary/w258/","/collections/professions/18"
"W260","Artist","der Künstler / die Künstlerin","die Künstler / die Künstlerinnen","W260, W261","21","https://hrezaii95.github.io/german-learning-exam/vocabulary/w260/","/collections/professions/21"
"W262","Construction Worker","der Bauarbeiter / die Bauarbeiterin","die Bauarbeiter / die Bauarbeiterinnen","W262, W263","22","https://hrezaii95.github.io/german-learning-exam/vocabulary/w262/","/collections/professions/22"
"W264","Firefighter","der Feuerwehrmann / die Feuerwehrfrau","die Feuerwehrmänner / die Feuerwehrfrauen","W264, W265","25","https://hrezaii95.github.io/german-learning-exam/vocabulary/w264/","/collections/professions/25"
"W266","Confectioner","der Konditor / die Konditorin","die Konditoren / die Konditorinnen","W266, W267","26","https://hrezaii95.github.io/german-learning-exam/vocabulary/w266/","/collections/professions/26"
"W268","homemaker","der Hausmann / die Hausfrau","die Hausmänner / die Hausfrauen","W268, W269","27","https://hrezaii95.github.io/german-learning-exam/vocabulary/w268/","/collections/professions/27"
"W271","Airplane Pilot","der Flugzeugpilot / die Flugzeugpilotin","die Flugzeugpiloten / die Flugzeugpilotinnen","W271, W272","29","https://hrezaii95.github.io/german-learning-exam/vocabulary/w271/","/collections/professions/29"
"W273","Police Officer","der Polizist / die Polizistin","die Polizisten / die Polizistinnen","W273, W274","30","https://hrezaii95.github.io/german-learning-exam/vocabulary/w273/","/collections/professions/30"
"W275","Postman / Letter Carrier","der Postbote / die Postbotin / der Briefträger / die Briefträgerin","die Postboten / die Postbotinnen / die Briefträger / die Briefträgerinnen","W275, W276, W277, W278","31","https://hrezaii95.github.io/german-learning-exam/vocabulary/w275/","/collections/professions/31"
"W279","Secretary","der Sekretär / die Sekretärin","die Sekretäre / die Sekretärinnen","W279, W280","32","https://hrezaii95.github.io/german-learning-exam/vocabulary/w279/","/collections/professions/32"
"W281","Soldier","der Soldat / die Soldatin","die Soldaten / die Soldatinnen","W281, W282","35","https://hrezaii95.github.io/german-learning-exam/vocabulary/w281/","/collections/professions/35"
"W283","Carpenter","der Tischler / die Tischlerin","die Tischler / die Tischlerinnen","W283, W284","36","https://hrezaii95.github.io/german-learning-exam/vocabulary/w283/","/collections/professions/36"
"W285","Businessperson","der Geschäftsmann / die Geschäftsfrau","die Geschäftsleute / die Geschäftsfrauen","W285, W286","37","https://hrezaii95.github.io/german-learning-exam/vocabulary/w285/","/collections/professions/37"
"W287","Detective","der Detektiv / die Detektivin","die Detektive / die Detektivinnen","W287, W288","38","https://hrezaii95.github.io/german-learning-exam/vocabulary/w287/","/collections/professions/38"
"W289","Plumber","der Klempner / die Klempnerin / der Installateur / die Installateurin","die Klempner / die Klempnerinnen / die Installateure / die Installateurinnen","W289, W290, W291, W292","39","https://hrezaii95.github.io/german-learning-exam/vocabulary/w289/","/collections/professions/39"
"W293","Surgeon","der Chirurg / die Chirurgin","die Chirurgen / die Chirurginnen","W293, W294","40","https://hrezaii95.github.io/german-learning-exam/vocabulary/w293/","/collections/professions/40"
"W295","Writer","der Schriftsteller / die Schriftstellerin","die Schriftsteller / die Schriftstellerinnen","W295, W296","41","https://hrezaii95.github.io/german-learning-exam/vocabulary/w295/","/collections/professions/41"
"W297","Gas Station Attendant","der Tankwart / die Tankwartin","die Tankwarte / die Tankwartinnen","W297, W298","42","https://hrezaii95.github.io/german-learning-exam/vocabulary/w297/","/collections/professions/42"
"W299","Secret Agent","der Geheimagent / die Geheimagentin","die Geheimagenten / die Geheimagentinnen","W299, W300","43","https://hrezaii95.github.io/german-learning-exam/vocabulary/w299/","/collections/professions/43"
"W301","Lawyer","der Rechtsanwalt / die Rechtsanwältin","die Rechtsanwälte / die Rechtsanwältinnen","W301, W302","44","https://hrezaii95.github.io/german-learning-exam/vocabulary/w301/","/collections/professions/44"
"W303","Judge","der Richter / die Richterin","die Richter / die Richterinnen","W303, W304","45","https://hrezaii95.github.io/german-learning-exam/vocabulary/w303/","/collections/professions/45"
"W305","Cleaner","der Putzmann / die Putzfrau","die Putzmänner / die Putzfrauen","W305, W306","47","https://hrezaii95.github.io/german-learning-exam/vocabulary/w305/","/collections/professions/47"
"W307","Cashier","der Kassierer / die Kassiererin","die Kassierer / die Kassiererinnen","W307, W308","48","https://hrezaii95.github.io/german-learning-exam/vocabulary/w307/","/collections/professions/48"
"W309","Australia","Australien","","W309","","https://hrezaii95.github.io/german-learning-exam/vocabulary/w309/",""
"W310","Canada","Kanada","","W310","","https://hrezaii95.github.io/german-learning-exam/vocabulary/w310/",""
"W311","the Netherlands","die Niederlande","","W311","","https://hrezaii95.github.io/german-learning-exam/vocabulary/w311/",""
"W312","Denmark","Dänemark","","W312","","https://hrezaii95.github.io/german-learning-exam/vocabulary/w312/",""
"W313","Singapore","Singapur","","W313","","https://hrezaii95.github.io/german-learning-exam/vocabulary/w313/",""
"W314","Iran","der Iran","","W314","","https://hrezaii95.github.io/german-learning-exam/vocabulary/w314/",""
"W315","Liechtenstein","Liechtenstein","","W315","","https://hrezaii95.github.io/german-learning-exam/vocabulary/w315/",""
"W316","Ireland","Irland","","W316","","https://hrezaii95.github.io/german-learning-exam/vocabulary/w316/",""
"W317","Greece","Griechenland","","W317","","https://hrezaii95.github.io/german-learning-exam/vocabulary/w317/",""
"W318","Peru","Peru","","W318","","https://hrezaii95.github.io/german-learning-exam/vocabulary/w318/",""
"W319","Afghanistan","Afghanistan","","W319","","https://hrezaii95.github.io/german-learning-exam/vocabulary/w319/",""
"W320","Madagascar","Madagaskar","","W320","","https://hrezaii95.github.io/german-learning-exam/vocabulary/w320/",""
"W321","Dari","Dari","","W321","","https://hrezaii95.github.io/german-learning-exam/vocabulary/w321/",""
"W322","Pashto","Paschto","","W322","","https://hrezaii95.github.io/german-learning-exam/vocabulary/w322/",""
"W323","Malagasy","Malagasy","","W323","","https://hrezaii95.github.io/german-learning-exam/vocabulary/w323/",""
"W324","north","der Norden","","W324","","https://hrezaii95.github.io/german-learning-exam/vocabulary/w324/",""
"W325","east","der Osten","","W325","","https://hrezaii95.github.io/german-learning-exam/vocabulary/w325/",""
"W326","south","der Süden","","W326","","https://hrezaii95.github.io/german-learning-exam/vocabulary/w326/",""
"W327","west","der Westen","","W327","","https://hrezaii95.github.io/german-learning-exam/vocabulary/w327/",""
"W328","northeast","der Nordosten","","W328","","https://hrezaii95.github.io/german-learning-exam/vocabulary/w328/",""
"W329","southeast","der Südosten","","W329","","https://hrezaii95.github.io/german-learning-exam/vocabulary/w329/",""
"W330","southwest","der Südwesten","","W330","","https://hrezaii95.github.io/german-learning-exam/vocabulary/w330/",""
"W331","northwest","der Nordwesten","","W331","","https://hrezaii95.github.io/german-learning-exam/vocabulary/w331/",""
"W332","Europe","Europa","","W332","","https://hrezaii95.github.io/german-learning-exam/vocabulary/w332/",""
"W333","Asia","Asien","","W333","","https://hrezaii95.github.io/german-learning-exam/vocabulary/w333/",""
"W334","North America","Nordamerika","","W334","","https://hrezaii95.github.io/german-learning-exam/vocabulary/w334/",""
"W335","continent","der Kontinent","die Kontinente","W335","","https://hrezaii95.github.io/german-learning-exam/vocabulary/w335/",""
"W336","person / human being","der Mensch","die Menschen","W336","","https://hrezaii95.github.io/german-learning-exam/vocabulary/w336/",""
"W337","robotics","die Robotik","","W337","","https://hrezaii95.github.io/german-learning-exam/vocabulary/w337/",""
"W338","mobile phone","das Handy","die Handys","W338","","https://hrezaii95.github.io/german-learning-exam/vocabulary/w338/",""
"W339","photo","das Foto","die Fotos","W339","","https://hrezaii95.github.io/german-learning-exam/vocabulary/w339/",""
"W340","native language / mother tongue","die Muttersprache","die Muttersprachen","W340","","https://hrezaii95.github.io/german-learning-exam/vocabulary/w340/",""
"W341","foreign language","die Fremdsprache","die Fremdsprachen","W341","","https://hrezaii95.github.io/german-learning-exam/vocabulary/w341/",""
"W342","world","die Welt","die Welten","W342","","https://hrezaii95.github.io/german-learning-exam/vocabulary/w342/",""
"W343","million","die Million","die Millionen","W343","","https://hrezaii95.github.io/german-learning-exam/vocabulary/w343/",""
"W344","region","die Region","die Regionen","W344","","https://hrezaii95.github.io/german-learning-exam/vocabulary/w344/",""
"W345","friend","der Freund / die Freundin","die Freunde / die Freundinnen","W345, W346","","https://hrezaii95.github.io/german-learning-exam/vocabulary/w345/",""
"W347","really cool","supercool","","W347","","https://hrezaii95.github.io/german-learning-exam/vocabulary/w347/",""
"W348","still / yet / more","noch","","W348","","https://hrezaii95.github.io/german-learning-exam/vocabulary/w348/",""
"W349","much / a lot","viel","","W349","","https://hrezaii95.github.io/german-learning-exam/vocabulary/w349/",""
"W350","here","hier","","W350","","https://hrezaii95.github.io/german-learning-exam/vocabulary/w350/",""
"W351","only","nur","","W351","","https://hrezaii95.github.io/german-learning-exam/vocabulary/w351/",""
"W352","about / approximately","etwa","","W352","","https://hrezaii95.github.io/german-learning-exam/vocabulary/w352/",""
"W353","different / differently","anders","","W353","","https://hrezaii95.github.io/german-learning-exam/vocabulary/w353/",""
"W354","everywhere","überall","","W354","","https://hrezaii95.github.io/german-learning-exam/vocabulary/w354/",""
"W355","German-speaking","deutschsprachig","","W355","","https://hrezaii95.github.io/german-learning-exam/vocabulary/w355/",""
"W356","why","warum","","W356","","https://hrezaii95.github.io/german-learning-exam/vocabulary/w356/",""
"W357","gladly / like doing something","gern","","W357","","https://hrezaii95.github.io/german-learning-exam/vocabulary/w357/",""
"W358","just / once","mal","","W358","","https://hrezaii95.github.io/german-learning-exam/vocabulary/w358/",""
"W359","to tell / talk about","erzählen","","W359","","https://hrezaii95.github.io/german-learning-exam/vocabulary/w359/",""
"W360","translator","der Übersetzer / die Übersetzerin","die Übersetzer / die Übersetzerinnen","W360, W361","","https://hrezaii95.github.io/german-learning-exam/vocabulary/w360/",""
"W362","psychologist","der Psychologe / die Psychologin","die Psychologen / die Psychologinnen","W362, W363","","https://hrezaii95.github.io/german-learning-exam/vocabulary/w362/",""
"W364","German teacher","der Deutschlehrer / die Deutschlehrerin","die Deutschlehrer / die Deutschlehrerinnen","W364, W365","","https://hrezaii95.github.io/german-learning-exam/vocabulary/w364/",""
"W366","fashion photographer","der Modefotograf / die Modefotografin","die Modefotografen / die Modefotografinnen","W366, W367","","https://hrezaii95.github.io/german-learning-exam/vocabulary/w366/",""
"W368","early-years educator / childcare worker","der Erzieher / die Erzieherin","die Erzieher / die Erzieherinnen","W368, W369","","https://hrezaii95.github.io/german-learning-exam/vocabulary/w368/",""
"W370","trainee / apprentice","der Auszubildende / die Auszubildende","die Auszubildenden / die Auszubildenden","W370, W371","","https://hrezaii95.github.io/german-learning-exam/vocabulary/w370/",""
"W372","miller","der Müller / die Müllerin","die Müller / die Müllerinnen","W372, W373","","https://hrezaii95.github.io/german-learning-exam/vocabulary/w372/",""
"W374","fisher","der Fischer / die Fischerin","die Fischer / die Fischerinnen","W374, W375","","https://hrezaii95.github.io/german-learning-exam/vocabulary/w374/",""
"W376","tailor","der Schneider / die Schneiderin","die Schneider / die Schneiderinnen","W376, W377","","https://hrezaii95.github.io/german-learning-exam/vocabulary/w376/",""
"W378","weaver","der Weber / die Weberin","die Weber / die Weberinnen","W378, W379","","https://hrezaii95.github.io/german-learning-exam/vocabulary/w378/",""
"W380","blacksmith","der Schmied / die Schmiedin","die Schmiede / die Schmiedinnen","W380, W381","","https://hrezaii95.github.io/german-learning-exam/vocabulary/w380/",""
"W382","wheelwright","der Wagner / die Wagnerin","die Wagner / die Wagnerinnen","W382, W383","","https://hrezaii95.github.io/german-learning-exam/vocabulary/w382/",""
"W384","composer","der Komponist / die Komponistin","die Komponisten / die Komponistinnen","W384, W385","","https://hrezaii95.github.io/german-learning-exam/vocabulary/w384/",""
"W386","chocolatier / chocolate maker","der Chocolatier / die Chocolatière","die Chocolatiers / die Chocolatières","W386, W387","","https://hrezaii95.github.io/german-learning-exam/vocabulary/w386/",""
"W388","IT trainer","der IT-Trainer / die IT-Trainerin","die IT-Trainer / die IT-Trainerinnen","W388, W389","","https://hrezaii95.github.io/german-learning-exam/vocabulary/w388/",""
"W390","software trainer","der Software-Trainer / die Software-Trainerin","die Software-Trainer / die Software-Trainerinnen","W390, W391","","https://hrezaii95.github.io/german-learning-exam/vocabulary/w390/",""
"W392","conference","die Konferenz","die Konferenzen","W392","","https://hrezaii95.github.io/german-learning-exam/vocabulary/w392/",""
"W393","profile","das Profil","die Profile","W393","","https://hrezaii95.github.io/german-learning-exam/vocabulary/w393/",""
"W394","business card","die Visitenkarte","die Visitenkarten","W394","","https://hrezaii95.github.io/german-learning-exam/vocabulary/w394/",""
"W395","department","die Abteilung","die Abteilungen","W395","","https://hrezaii95.github.io/german-learning-exam/vocabulary/w395/",""
"W396","email address","die E-Mail-Adresse","die E-Mail-Adressen","W396","","https://hrezaii95.github.io/german-learning-exam/vocabulary/w396/",""
"W397","homepage / website","die Homepage","die Homepages","W397","","https://hrezaii95.github.io/german-learning-exam/vocabulary/w397/",""
"W398","city / town","die Stadt","die Städte","W398","","https://hrezaii95.github.io/german-learning-exam/vocabulary/w398/",""
"W399","street","die Straße","die Straßen","W399","","https://hrezaii95.github.io/german-learning-exam/vocabulary/w399/",""
"W400","house number","die Hausnummer","die Hausnummern","W400","","https://hrezaii95.github.io/german-learning-exam/vocabulary/w400/",""
"W401","human resources department","die Personalabteilung","die Personalabteilungen","W401","","https://hrezaii95.github.io/german-learning-exam/vocabulary/w401/",""
"W402","marketing department","die Marketingabteilung","die Marketingabteilungen","W402","","https://hrezaii95.github.io/german-learning-exam/vocabulary/w402/",""
"W403","IT department","die IT-Abteilung","die IT-Abteilungen","W403","","https://hrezaii95.github.io/german-learning-exam/vocabulary/w403/",""
"W404","marketing","das Marketing","","W404","","https://hrezaii95.github.io/german-learning-exam/vocabulary/w404/",""
"W405","address","die Adresse","die Adressen","W405","","https://hrezaii95.github.io/german-learning-exam/vocabulary/w405/",""
"W406","hobby","das Hobby","die Hobbys","W406","","https://hrezaii95.github.io/german-learning-exam/vocabulary/w406/",""
"W407","form","das Formular","die Formulare","W407","","https://hrezaii95.github.io/german-learning-exam/vocabulary/w407/",""
"W408","surname / last name","der Nachname","die Nachnamen","W408","","https://hrezaii95.github.io/german-learning-exam/vocabulary/w408/",""
"W409","postal code","die Postleitzahl","die Postleitzahlen","W409","","https://hrezaii95.github.io/german-learning-exam/vocabulary/w409/",""
"W410","place / town","der Ort","die Orte","W410","","https://hrezaii95.github.io/german-learning-exam/vocabulary/w410/",""
"W411","flat / apartment","die Wohnung","die Wohnungen","W411","","https://hrezaii95.github.io/german-learning-exam/vocabulary/w411/",""
"W412","message","die Nachricht","die Nachrichten","W412","","https://hrezaii95.github.io/german-learning-exam/vocabulary/w412/",""
"W413","interesting","interessant","","W413","","https://hrezaii95.github.io/german-learning-exam/vocabulary/w413/",""
"W414","unmarried / never married","ledig","","W414","","https://hrezaii95.github.io/german-learning-exam/vocabulary/w414/",""
"W415","new","neu","","W415","","https://hrezaii95.github.io/german-learning-exam/vocabulary/w415/",""
"W416","so / well / then","also","","W416","","https://hrezaii95.github.io/german-learning-exam/vocabulary/w416/",""
"W417","me","mich","","W417","","https://hrezaii95.github.io/german-learning-exam/vocabulary/w417/",""
"W418","your (formal)","Ihr / Ihre","","W418","","https://hrezaii95.github.io/german-learning-exam/vocabulary/w418/",""
"W419","colleague","der Kollege / die Kollegin","die Kollegen / die Kolleginnen","W419, W420","","https://hrezaii95.github.io/german-learning-exam/vocabulary/w419/",""
"W421","to listen / hear","hören","","W421","","https://hrezaii95.github.io/german-learning-exam/vocabulary/w421/",""
"W422","to read","lesen","","W422","","https://hrezaii95.github.io/german-learning-exam/vocabulary/w422/",""
"W423","to write","schreiben","","W423","","https://hrezaii95.github.io/german-learning-exam/vocabulary/w423/",""
"W424","to say","sagen","","W424","","https://hrezaii95.github.io/german-learning-exam/vocabulary/w424/",""
"W425","to ask","fragen","","W425","","https://hrezaii95.github.io/german-learning-exam/vocabulary/w425/",""
"W426","to answer","antworten","","W426","","https://hrezaii95.github.io/german-learning-exam/vocabulary/w426/",""
"W427","to see","sehen","","W427","","https://hrezaii95.github.io/german-learning-exam/vocabulary/w427/",""
"W428","to look at","ansehen","","W428","","https://hrezaii95.github.io/german-learning-exam/vocabulary/w428/",""
"W429","to connect / match","verbinden","","W429","","https://hrezaii95.github.io/german-learning-exam/vocabulary/w429/",""
"W430","to complete / fill in","ergänzen","","W430","","https://hrezaii95.github.io/german-learning-exam/vocabulary/w430/",""
"W431","to match / assign","zuordnen","","W431","","https://hrezaii95.github.io/german-learning-exam/vocabulary/w431/",""
"W432","to mark / highlight","markieren","","W432","","https://hrezaii95.github.io/german-learning-exam/vocabulary/w432/",""
"W433","to note down","notieren","","W433","","https://hrezaii95.github.io/german-learning-exam/vocabulary/w433/",""
"W434","to compare","vergleichen","","W434","","https://hrezaii95.github.io/german-learning-exam/vocabulary/w434/",""
"W435","to repeat after a speaker","nachsprechen","","W435","","https://hrezaii95.github.io/german-learning-exam/vocabulary/w435/",""
"W436","to draw","zeichnen","","W436","","https://hrezaii95.github.io/german-learning-exam/vocabulary/w436/",""
"W437","to search / look for","suchen","","W437","","https://hrezaii95.github.io/german-learning-exam/vocabulary/w437/",""
"W438","to find","finden","","W438","","https://hrezaii95.github.io/german-learning-exam/vocabulary/w438/",""
"W439","to close","schließen","","W439","","https://hrezaii95.github.io/german-learning-exam/vocabulary/w439/",""
"W440","to play / act","spielen","","W440","","https://hrezaii95.github.io/german-learning-exam/vocabulary/w440/",""
"W441","to act out / mime","vorspielen","","W441","","https://hrezaii95.github.io/german-learning-exam/vocabulary/w441/",""
"W442","to guess","raten","","W442","","https://hrezaii95.github.io/german-learning-exam/vocabulary/w442/",""
"W443","to think / mean","meinen","","W443","","https://hrezaii95.github.io/german-learning-exam/vocabulary/w443/",""
"W444","to know (a fact)","wissen","","W444","","https://hrezaii95.github.io/german-learning-exam/vocabulary/w444/",""
"W445","to understand","verstehen","","W445","","https://hrezaii95.github.io/german-learning-exam/vocabulary/w445/",""
"W446","to read aloud","vorlesen","","W446","","https://hrezaii95.github.io/german-learning-exam/vocabulary/w446/",""
"W447","to introduce","vorstellen","","W447","","https://hrezaii95.github.io/german-learning-exam/vocabulary/w447/",""
"W448","to give","geben","","W448","","https://hrezaii95.github.io/german-learning-exam/vocabulary/w448/",""
"W449","to correct","korrigieren","","W449","","https://hrezaii95.github.io/german-learning-exam/vocabulary/w449/",""
"W450","to practise","üben","","W450","","https://hrezaii95.github.io/german-learning-exam/vocabulary/w450/",""
"W451","to be missing","fehlen","","W451","","https://hrezaii95.github.io/german-learning-exam/vocabulary/w451/",""
"W452","to choose","wählen","","W452","","https://hrezaii95.github.io/german-learning-exam/vocabulary/w452/",""
"W453","to roll a die","würfeln","","W453","","https://hrezaii95.github.io/german-learning-exam/vocabulary/w453/",""
"W454","to move / draw / pull","ziehen","","W454","","https://hrezaii95.github.io/german-learning-exam/vocabulary/w454/",""
"W455","to get / receive","bekommen","","W455","","https://hrezaii95.github.io/german-learning-exam/vocabulary/w455/",""
"W456","to exchange / swap","tauschen","","W456","","https://hrezaii95.github.io/german-learning-exam/vocabulary/w456/",""
"W457","to solve","lösen","","W457","","https://hrezaii95.github.io/german-learning-exam/vocabulary/w457/",""
"W458","to form / build","bilden","","W458","","https://hrezaii95.github.io/german-learning-exam/vocabulary/w458/",""
"W459","to clap","klatschen","","W459","","https://hrezaii95.github.io/german-learning-exam/vocabulary/w459/",""
"W460","to present","präsentieren","","W460","","https://hrezaii95.github.io/german-learning-exam/vocabulary/w460/",""
"W461","task / exercise","die Aufgabe","die Aufgaben","W461","","https://hrezaii95.github.io/german-learning-exam/vocabulary/w461/",""
"W462","exercise","die Übung","die Übungen","W462","","https://hrezaii95.github.io/german-learning-exam/vocabulary/w462/",""
"W463","word","das Wort","die Wörter","W463","","https://hrezaii95.github.io/german-learning-exam/vocabulary/w463/",""
"W464","picture","das Bild","die Bilder","W464","","https://hrezaii95.github.io/german-learning-exam/vocabulary/w464/",""
"W465","picture vocabulary / picture dictionary","das Bildlexikon","die Bildlexika","W465","","https://hrezaii95.github.io/german-learning-exam/vocabulary/w465/",""
"W466","book","das Buch","die Bücher","W466","","https://hrezaii95.github.io/german-learning-exam/vocabulary/w466/",""
"W467","dictionary","das Wörterbuch","die Wörterbücher","W467","","https://hrezaii95.github.io/german-learning-exam/vocabulary/w467/",""
"W468","online dictionary","das Online-Wörterbuch","die Online-Wörterbücher","W468","","https://hrezaii95.github.io/german-learning-exam/vocabulary/w468/",""
"W469","course / class","der Kurs","die Kurse","W469","","https://hrezaii95.github.io/german-learning-exam/vocabulary/w469/",""
"W470","German course","der Deutschkurs","die Deutschkurse","W470","","https://hrezaii95.github.io/german-learning-exam/vocabulary/w470/",""
"W471","person","die Person","die Personen","W471","","https://hrezaii95.github.io/german-learning-exam/vocabulary/w471/",""
"W472","group","die Gruppe","die Gruppen","W472","","https://hrezaii95.github.io/german-learning-exam/vocabulary/w472/",""
"W473","table / chart","die Tabelle","die Tabellen","W473","","https://hrezaii95.github.io/german-learning-exam/vocabulary/w473/",""
"W474","question","die Frage","die Fragen","W474","","https://hrezaii95.github.io/german-learning-exam/vocabulary/w474/",""
"W475","answer","die Antwort","die Antworten","W475","","https://hrezaii95.github.io/german-learning-exam/vocabulary/w475/",""
"W476","solution / answer","die Lösung","die Lösungen","W476","","https://hrezaii95.github.io/german-learning-exam/vocabulary/w476/",""
"W477","seating plan","der Sitzplan","die Sitzpläne","W477","","https://hrezaii95.github.io/german-learning-exam/vocabulary/w477/",""
"W478","slip of paper","der Zettel","die Zettel","W478","","https://hrezaii95.github.io/german-learning-exam/vocabulary/w478/",""
"W479","example","das Beispiel","die Beispiele","W479","","https://hrezaii95.github.io/german-learning-exam/vocabulary/w479/",""
"W480","number","die Nummer","die Nummern","W480","","https://hrezaii95.github.io/german-learning-exam/vocabulary/w480/",""
"W481","minute","die Minute","die Minuten","W481","","https://hrezaii95.github.io/german-learning-exam/vocabulary/w481/",""
"W482","game","das Spiel","die Spiele","W482","","https://hrezaii95.github.io/german-learning-exam/vocabulary/w482/",""
"W483","dice game","das Würfelspiel","die Würfelspiele","W483","","https://hrezaii95.github.io/german-learning-exam/vocabulary/w483/",""
"W484","playing piece / game token","die Spielfigur","die Spielfiguren","W484","","https://hrezaii95.github.io/german-learning-exam/vocabulary/w484/",""
"W485","arithmetic problem","die Rechenaufgabe","die Rechenaufgaben","W485","","https://hrezaii95.github.io/german-learning-exam/vocabulary/w485/",""
"W486","gap / blank","die Lücke","die Lücken","W486","","https://hrezaii95.github.io/german-learning-exam/vocabulary/w486/",""
"W487","detail / information item","die Angabe","die Angaben","W487","","https://hrezaii95.github.io/german-learning-exam/vocabulary/w487/",""
"W488","family tree","der Stammbaum","die Stammbäume","W488","","https://hrezaii95.github.io/german-learning-exam/vocabulary/w488/",""
"W489","pronunciation","die Aussprache","","W489","","https://hrezaii95.github.io/german-learning-exam/vocabulary/w489/",""
"W490","word stress","der Wortakzent","die Wortakzente","W490","","https://hrezaii95.github.io/german-learning-exam/vocabulary/w490/",""
"W491","syllable","die Silbe","die Silben","W491","","https://hrezaii95.github.io/german-learning-exam/vocabulary/w491/",""
"W492","sentence intonation","die Satzmelodie","die Satzmelodien","W492","","https://hrezaii95.github.io/german-learning-exam/vocabulary/w492/",""
"W493","verb","das Verb","die Verben","W493","","https://hrezaii95.github.io/german-learning-exam/vocabulary/w493/",""
"W494","question starting with a question word","die W-Frage","die W-Fragen","W494","","https://hrezaii95.github.io/german-learning-exam/vocabulary/w494/",""
"W495","yes/no question","die Ja-/Nein-Frage","die Ja-/Nein-Fragen","W495","","https://hrezaii95.github.io/german-learning-exam/vocabulary/w495/",""
"W496","statement","die Aussage","die Aussagen","W496","","https://hrezaii95.github.io/german-learning-exam/vocabulary/w496/",""
"W497","then","dann","","W497","","https://hrezaii95.github.io/german-learning-exam/vocabulary/w497/",""
"W498","once again","noch einmal","","W498","","https://hrezaii95.github.io/german-learning-exam/vocabulary/w498/",""
"W499","further / continue","weiter","","W499","","https://hrezaii95.github.io/german-learning-exam/vocabulary/w499/",""
"W500","in pairs / two together","zu zweit","","W500","","https://hrezaii95.github.io/german-learning-exam/vocabulary/w500/",""
"W501","in threes / three together","zu dritt","","W501","","https://hrezaii95.github.io/german-learning-exam/vocabulary/w501/",""
"W502","oneself / yourself","selbst","","W502","","https://hrezaii95.github.io/german-learning-exam/vocabulary/w502/",""
"W503","with","mit","","W503","","https://hrezaii95.github.io/german-learning-exam/vocabulary/w503/",""
"W504","about","über","","W504","","https://hrezaii95.github.io/german-learning-exam/vocabulary/w504/",""
"W505","on","auf","","W505","","https://hrezaii95.github.io/german-learning-exam/vocabulary/w505/",""
"W506","after","nach","","W506","","https://hrezaii95.github.io/german-learning-exam/vocabulary/w506/",""
"W507","to go; to be going","gehen / Es geht.","","W507","","https://hrezaii95.github.io/german-learning-exam/vocabulary/w507/","/vocabulary/id-6c65783a65732d67656874"
"W508","to please / be glad","freuen","","W508","","https://hrezaii95.github.io/german-learning-exam/vocabulary/w508/",""
"W509","to show","zeigen","","W509","","https://hrezaii95.github.io/german-learning-exam/vocabulary/w509/",""
"W510","to film","filmen","","W510","","https://hrezaii95.github.io/german-learning-exam/vocabulary/w510/",""
"W511","to research / look up","recherchieren","","W511","","https://hrezaii95.github.io/german-learning-exam/vocabulary/w511/",""
"W512","to mean","bedeuten","","W512","","https://hrezaii95.github.io/german-learning-exam/vocabulary/w512/",""
"W513","to hang up / display","aufhängen","","W513","","https://hrezaii95.github.io/german-learning-exam/vocabulary/w513/",""
"W514","to mix / shuffle","mischen","","W514","","https://hrezaii95.github.io/german-learning-exam/vocabulary/w514/",""
"W515","to help","helfen","","W515","","https://hrezaii95.github.io/german-learning-exam/vocabulary/w515/",""
"W516","to record","aufnehmen","","W516","","https://hrezaii95.github.io/german-learning-exam/vocabulary/w516/",""
"W517","to activate / enable","aktivieren","","W517","","https://hrezaii95.github.io/german-learning-exam/vocabulary/w517/",""
"W518","to pay attention","achten","","W518","","https://hrezaii95.github.io/german-learning-exam/vocabulary/w518/",""
"W519","classroom","der Kursraum","die Kursräume","W519","","https://hrezaii95.github.io/german-learning-exam/vocabulary/w519/",""
"W520","film / video","der Film","die Filme","W520","","https://hrezaii95.github.io/german-learning-exam/vocabulary/w520/",""
"W521","flag","die Flagge","die Flaggen","W521","","https://hrezaii95.github.io/german-learning-exam/vocabulary/w521/",""
"W522","note","die Notiz","die Notizen","W522","","https://hrezaii95.github.io/german-learning-exam/vocabulary/w522/",""
"W523","class survey / statistics","die Kursstatistik","die Kursstatistiken","W523","","https://hrezaii95.github.io/german-learning-exam/vocabulary/w523/",""
"W524","examination","die Prüfung","die Prüfungen","W524","","https://hrezaii95.github.io/german-learning-exam/vocabulary/w524/",""
"W525","preparation","die Vorbereitung","die Vorbereitungen","W525","","https://hrezaii95.github.io/german-learning-exam/vocabulary/w525/",""
"W526","microphone","das Mikrofon","die Mikrofone","W526","","https://hrezaii95.github.io/german-learning-exam/vocabulary/w526/",""
"W527","speech bubble","die Sprechblase","die Sprechblasen","W527","","https://hrezaii95.github.io/german-learning-exam/vocabulary/w527/",""
"W528","course instructor","der Kursleiter / die Kursleiterin","die Kursleiter / die Kursleiterinnen","W528, W529","","https://hrezaii95.github.io/german-learning-exam/vocabulary/w528/",""
"W530","aloud / loud","laut","","W530","","https://hrezaii95.github.io/german-learning-exam/vocabulary/w530/",""
"W531","unemployed","arbeitslos","","W531","","https://hrezaii95.github.io/german-learning-exam/vocabulary/w531/",""
"W532","electronics company","die Elektronikfirma","die Elektronikfirmen","W532","","https://hrezaii95.github.io/german-learning-exam/vocabulary/w532/",""
"W533","can / to be able to","können","","W533","","https://hrezaii95.github.io/german-learning-exam/vocabulary/w533/",""
"W534","Turkish (adjective)","türkisch","","W534","","https://hrezaii95.github.io/german-learning-exam/vocabulary/w534/",""
"W535","to put in order / sort","sortieren","","W535","","https://hrezaii95.github.io/german-learning-exam/vocabulary/w535/",""
"W536","to fit / match","passen","","W536","","https://hrezaii95.github.io/german-learning-exam/vocabulary/w536/",""
"W537","to know / be familiar with","kennen","","W537","","https://hrezaii95.github.io/german-learning-exam/vocabulary/w537/",""
"W538","hour / lesson","die Stunde","die Stunden","W538","","https://hrezaii95.github.io/german-learning-exam/vocabulary/w538/",""
"W539","chain game","das Kettenspiel","die Kettenspiele","W539","","https://hrezaii95.github.io/german-learning-exam/vocabulary/w539/",""
"W540","class mingling / walking-round activity","der Kursspaziergang","die Kursspaziergänge","W540","","https://hrezaii95.github.io/german-learning-exam/vocabulary/w540/",""
"W541","follow-up / clarification question","die Rückfrage","die Rückfragen","W541","","https://hrezaii95.github.io/german-learning-exam/vocabulary/w541/",""
"W542","luck","das Glück","","W542","","https://hrezaii95.github.io/german-learning-exam/vocabulary/w542/",""
"W543","Attention! / Watch out!","Achtung!","","W543","","https://hrezaii95.github.io/german-learning-exam/vocabulary/w543/",""
"N000","0 · zero","null","","","","https://hrezaii95.github.io/german-learning-exam/vocabulary/number-0/",""
"N001","1 · one","eins","","","","https://hrezaii95.github.io/german-learning-exam/vocabulary/number-1/",""
"N002","2 · two","zwei","","","","https://hrezaii95.github.io/german-learning-exam/vocabulary/number-2/",""
"N003","3 · three","drei","","","","https://hrezaii95.github.io/german-learning-exam/vocabulary/number-3/",""
"N004","4 · four","vier","","","","https://hrezaii95.github.io/german-learning-exam/vocabulary/number-4/",""
"N005","5 · five","fünf","","","","https://hrezaii95.github.io/german-learning-exam/vocabulary/number-5/",""
"N006","6 · six","sechs","","","","https://hrezaii95.github.io/german-learning-exam/vocabulary/number-6/",""
"N007","7 · seven","sieben","","","","https://hrezaii95.github.io/german-learning-exam/vocabulary/number-7/",""
"N008","8 · eight","acht","","","","https://hrezaii95.github.io/german-learning-exam/vocabulary/number-8/",""
"N009","9 · nine","neun","","","","https://hrezaii95.github.io/german-learning-exam/vocabulary/number-9/",""
"N010","10 · ten","zehn","","","","https://hrezaii95.github.io/german-learning-exam/vocabulary/number-10/",""
"N011","11 · eleven","elf","","","","https://hrezaii95.github.io/german-learning-exam/vocabulary/number-11/",""
"N012","12 · twelve","zwölf","","","","https://hrezaii95.github.io/german-learning-exam/vocabulary/number-12/",""
"N013","13 · thirteen","dreizehn","","","","https://hrezaii95.github.io/german-learning-exam/vocabulary/number-13/",""
"N014","14 · fourteen","vierzehn","","","","https://hrezaii95.github.io/german-learning-exam/vocabulary/number-14/",""
"N015","15 · fifteen","fünfzehn","","","","https://hrezaii95.github.io/german-learning-exam/vocabulary/number-15/",""
"N016","16 · sixteen","sechzehn","","","","https://hrezaii95.github.io/german-learning-exam/vocabulary/number-16/",""
"N017","17 · seventeen","siebzehn","","","","https://hrezaii95.github.io/german-learning-exam/vocabulary/number-17/",""
"N018","18 · eighteen","achtzehn","","","","https://hrezaii95.github.io/german-learning-exam/vocabulary/number-18/",""
"N019","19 · nineteen","neunzehn","","","","https://hrezaii95.github.io/german-learning-exam/vocabulary/number-19/",""
"N020","20 · twenty","zwanzig","","","","https://hrezaii95.github.io/german-learning-exam/vocabulary/number-20/",""
"N021","21 · twenty-one","einundzwanzig","","","","https://hrezaii95.github.io/german-learning-exam/vocabulary/number-21/",""
"N022","22 · twenty-two","zweiundzwanzig","","","","https://hrezaii95.github.io/german-learning-exam/vocabulary/number-22/",""
"N023","23 · twenty-three","dreiundzwanzig","","","","https://hrezaii95.github.io/german-learning-exam/vocabulary/number-23/",""
"N024","24 · twenty-four","vierundzwanzig","","","","https://hrezaii95.github.io/german-learning-exam/vocabulary/number-24/",""
"N025","25 · twenty-five","fünfundzwanzig","","","","https://hrezaii95.github.io/german-learning-exam/vocabulary/number-25/",""
"N026","26 · twenty-six","sechsundzwanzig","","","","https://hrezaii95.github.io/german-learning-exam/vocabulary/number-26/",""
"N027","27 · twenty-seven","siebenundzwanzig","","","","https://hrezaii95.github.io/german-learning-exam/vocabulary/number-27/",""
"N028","28 · twenty-eight","achtundzwanzig","","","","https://hrezaii95.github.io/german-learning-exam/vocabulary/number-28/",""
"N029","29 · twenty-nine","neunundzwanzig","","","","https://hrezaii95.github.io/german-learning-exam/vocabulary/number-29/",""
"N030","30 · thirty","dreißig","","","","https://hrezaii95.github.io/german-learning-exam/vocabulary/number-30/",""
"N031","31 · thirty-one","einunddreißig","","","","https://hrezaii95.github.io/german-learning-exam/vocabulary/number-31/",""
"N032","32 · thirty-two","zweiunddreißig","","","","https://hrezaii95.github.io/german-learning-exam/vocabulary/number-32/",""
"N033","33 · thirty-three","dreiunddreißig","","","","https://hrezaii95.github.io/german-learning-exam/vocabulary/number-33/",""
"N034","34 · thirty-four","vierunddreißig","","","","https://hrezaii95.github.io/german-learning-exam/vocabulary/number-34/",""
"N035","35 · thirty-five","fünfunddreißig","","","","https://hrezaii95.github.io/german-learning-exam/vocabulary/number-35/",""
"N036","36 · thirty-six","sechsunddreißig","","","","https://hrezaii95.github.io/german-learning-exam/vocabulary/number-36/",""
"N037","37 · thirty-seven","siebenunddreißig","","","","https://hrezaii95.github.io/german-learning-exam/vocabulary/number-37/",""
"N038","38 · thirty-eight","achtunddreißig","","","","https://hrezaii95.github.io/german-learning-exam/vocabulary/number-38/",""
"N039","39 · thirty-nine","neununddreißig","","","","https://hrezaii95.github.io/german-learning-exam/vocabulary/number-39/",""
"N040","40 · forty","vierzig","","","","https://hrezaii95.github.io/german-learning-exam/vocabulary/number-40/",""
"N041","41 · forty-one","einundvierzig","","","","https://hrezaii95.github.io/german-learning-exam/vocabulary/number-41/",""
"N042","42 · forty-two","zweiundvierzig","","","","https://hrezaii95.github.io/german-learning-exam/vocabulary/number-42/",""
"N043","43 · forty-three","dreiundvierzig","","","","https://hrezaii95.github.io/german-learning-exam/vocabulary/number-43/",""
"N044","44 · forty-four","vierundvierzig","","","","https://hrezaii95.github.io/german-learning-exam/vocabulary/number-44/",""
"N045","45 · forty-five","fünfundvierzig","","","","https://hrezaii95.github.io/german-learning-exam/vocabulary/number-45/",""
"N046","46 · forty-six","sechsundvierzig","","","","https://hrezaii95.github.io/german-learning-exam/vocabulary/number-46/",""
"N047","47 · forty-seven","siebenundvierzig","","","","https://hrezaii95.github.io/german-learning-exam/vocabulary/number-47/",""
"N048","48 · forty-eight","achtundvierzig","","","","https://hrezaii95.github.io/german-learning-exam/vocabulary/number-48/",""
"N049","49 · forty-nine","neunundvierzig","","","","https://hrezaii95.github.io/german-learning-exam/vocabulary/number-49/",""
"N050","50 · fifty","fünfzig","","","","https://hrezaii95.github.io/german-learning-exam/vocabulary/number-50/",""
"N051","51 · fifty-one","einundfünfzig","","","","https://hrezaii95.github.io/german-learning-exam/vocabulary/number-51/",""
"N052","52 · fifty-two","zweiundfünfzig","","","","https://hrezaii95.github.io/german-learning-exam/vocabulary/number-52/",""
"N053","53 · fifty-three","dreiundfünfzig","","","","https://hrezaii95.github.io/german-learning-exam/vocabulary/number-53/",""
"N054","54 · fifty-four","vierundfünfzig","","","","https://hrezaii95.github.io/german-learning-exam/vocabulary/number-54/",""
"N055","55 · fifty-five","fünfundfünfzig","","","","https://hrezaii95.github.io/german-learning-exam/vocabulary/number-55/",""
"N056","56 · fifty-six","sechsundfünfzig","","","","https://hrezaii95.github.io/german-learning-exam/vocabulary/number-56/",""
"N057","57 · fifty-seven","siebenundfünfzig","","","","https://hrezaii95.github.io/german-learning-exam/vocabulary/number-57/",""
"N058","58 · fifty-eight","achtundfünfzig","","","","https://hrezaii95.github.io/german-learning-exam/vocabulary/number-58/",""
"N059","59 · fifty-nine","neunundfünfzig","","","","https://hrezaii95.github.io/german-learning-exam/vocabulary/number-59/",""
"N060","60 · sixty","sechzig","","","","https://hrezaii95.github.io/german-learning-exam/vocabulary/number-60/",""
"N061","61 · sixty-one","einundsechzig","","","","https://hrezaii95.github.io/german-learning-exam/vocabulary/number-61/",""
"N062","62 · sixty-two","zweiundsechzig","","","","https://hrezaii95.github.io/german-learning-exam/vocabulary/number-62/",""
"N063","63 · sixty-three","dreiundsechzig","","","","https://hrezaii95.github.io/german-learning-exam/vocabulary/number-63/",""
"N064","64 · sixty-four","vierundsechzig","","","","https://hrezaii95.github.io/german-learning-exam/vocabulary/number-64/",""
"N065","65 · sixty-five","fünfundsechzig","","","","https://hrezaii95.github.io/german-learning-exam/vocabulary/number-65/",""
"N066","66 · sixty-six","sechsundsechzig","","","","https://hrezaii95.github.io/german-learning-exam/vocabulary/number-66/",""
"N067","67 · sixty-seven","siebenundsechzig","","","","https://hrezaii95.github.io/german-learning-exam/vocabulary/number-67/",""
"N068","68 · sixty-eight","achtundsechzig","","","","https://hrezaii95.github.io/german-learning-exam/vocabulary/number-68/",""
"N069","69 · sixty-nine","neunundsechzig","","","","https://hrezaii95.github.io/german-learning-exam/vocabulary/number-69/",""
"N070","70 · seventy","siebzig","","","","https://hrezaii95.github.io/german-learning-exam/vocabulary/number-70/",""
"N071","71 · seventy-one","einundsiebzig","","","","https://hrezaii95.github.io/german-learning-exam/vocabulary/number-71/",""
"N072","72 · seventy-two","zweiundsiebzig","","","","https://hrezaii95.github.io/german-learning-exam/vocabulary/number-72/",""
"N073","73 · seventy-three","dreiundsiebzig","","","","https://hrezaii95.github.io/german-learning-exam/vocabulary/number-73/",""
"N074","74 · seventy-four","vierundsiebzig","","","","https://hrezaii95.github.io/german-learning-exam/vocabulary/number-74/",""
"N075","75 · seventy-five","fünfundsiebzig","","","","https://hrezaii95.github.io/german-learning-exam/vocabulary/number-75/",""
"N076","76 · seventy-six","sechsundsiebzig","","","","https://hrezaii95.github.io/german-learning-exam/vocabulary/number-76/",""
"N077","77 · seventy-seven","siebenundsiebzig","","","","https://hrezaii95.github.io/german-learning-exam/vocabulary/number-77/",""
"N078","78 · seventy-eight","achtundsiebzig","","","","https://hrezaii95.github.io/german-learning-exam/vocabulary/number-78/",""
"N079","79 · seventy-nine","neunundsiebzig","","","","https://hrezaii95.github.io/german-learning-exam/vocabulary/number-79/",""
"N080","80 · eighty","achtzig","","","","https://hrezaii95.github.io/german-learning-exam/vocabulary/number-80/",""
"N081","81 · eighty-one","einundachtzig","","","","https://hrezaii95.github.io/german-learning-exam/vocabulary/number-81/",""
"N082","82 · eighty-two","zweiundachtzig","","","","https://hrezaii95.github.io/german-learning-exam/vocabulary/number-82/",""
"N083","83 · eighty-three","dreiundachtzig","","","","https://hrezaii95.github.io/german-learning-exam/vocabulary/number-83/",""
"N084","84 · eighty-four","vierundachtzig","","","","https://hrezaii95.github.io/german-learning-exam/vocabulary/number-84/",""
"N085","85 · eighty-five","fünfundachtzig","","","","https://hrezaii95.github.io/german-learning-exam/vocabulary/number-85/",""
"N086","86 · eighty-six","sechsundachtzig","","","","https://hrezaii95.github.io/german-learning-exam/vocabulary/number-86/",""
"N087","87 · eighty-seven","siebenundachtzig","","","","https://hrezaii95.github.io/german-learning-exam/vocabulary/number-87/",""
"N088","88 · eighty-eight","achtundachtzig","","","","https://hrezaii95.github.io/german-learning-exam/vocabulary/number-88/",""
"N089","89 · eighty-nine","neunundachtzig","","","","https://hrezaii95.github.io/german-learning-exam/vocabulary/number-89/",""
"N090","90 · ninety","neunzig","","","","https://hrezaii95.github.io/german-learning-exam/vocabulary/number-90/",""
"N091","91 · ninety-one","einundneunzig","","","","https://hrezaii95.github.io/german-learning-exam/vocabulary/number-91/",""
"N092","92 · ninety-two","zweiundneunzig","","","","https://hrezaii95.github.io/german-learning-exam/vocabulary/number-92/",""
"N093","93 · ninety-three","dreiundneunzig","","","","https://hrezaii95.github.io/german-learning-exam/vocabulary/number-93/",""
"N094","94 · ninety-four","vierundneunzig","","","","https://hrezaii95.github.io/german-learning-exam/vocabulary/number-94/",""
"N095","95 · ninety-five","fünfundneunzig","","","","https://hrezaii95.github.io/german-learning-exam/vocabulary/number-95/",""
"N096","96 · ninety-six","sechsundneunzig","","","","https://hrezaii95.github.io/german-learning-exam/vocabulary/number-96/",""
"N097","97 · ninety-seven","siebenundneunzig","","","","https://hrezaii95.github.io/german-learning-exam/vocabulary/number-97/",""
"N098","98 · ninety-eight","achtundneunzig","","","","https://hrezaii95.github.io/german-learning-exam/vocabulary/number-98/",""
"N099","99 · ninety-nine","neunundneunzig","","","","https://hrezaii95.github.io/german-learning-exam/vocabulary/number-99/",""
"N100","100 · one hundred","hundert / einhundert","","","","https://hrezaii95.github.io/german-learning-exam/vocabulary/number-100/",""
"A01","Letter A","a","","","","https://hrezaii95.github.io/german-learning-exam/vocabulary/letter-1/",""
"A02","Letter B","be","","","","https://hrezaii95.github.io/german-learning-exam/vocabulary/letter-2/",""
"A03","Letter C","ce","","","","https://hrezaii95.github.io/german-learning-exam/vocabulary/letter-3/",""
"A04","Letter D","de","","","","https://hrezaii95.github.io/german-learning-exam/vocabulary/letter-4/",""
"A05","Letter E","e","","","","https://hrezaii95.github.io/german-learning-exam/vocabulary/letter-5/",""
"A06","Letter F","ef","","","","https://hrezaii95.github.io/german-learning-exam/vocabulary/letter-6/",""
"A07","Letter G","ge","","","","https://hrezaii95.github.io/german-learning-exam/vocabulary/letter-7/",""
"A08","Letter H","ha","","","","https://hrezaii95.github.io/german-learning-exam/vocabulary/letter-8/",""
"A09","Letter I","i","","","","https://hrezaii95.github.io/german-learning-exam/vocabulary/letter-9/",""
"A10","Letter J","jot","","","","https://hrezaii95.github.io/german-learning-exam/vocabulary/letter-10/",""
"A11","Letter K","ka","","","","https://hrezaii95.github.io/german-learning-exam/vocabulary/letter-11/",""
"A12","Letter L","el","","","","https://hrezaii95.github.io/german-learning-exam/vocabulary/letter-12/",""
"A13","Letter M","em","","","","https://hrezaii95.github.io/german-learning-exam/vocabulary/letter-13/",""
"A14","Letter N","en","","","","https://hrezaii95.github.io/german-learning-exam/vocabulary/letter-14/",""
"A15","Letter O","o","","","","https://hrezaii95.github.io/german-learning-exam/vocabulary/letter-15/",""
"A16","Letter P","pe","","","","https://hrezaii95.github.io/german-learning-exam/vocabulary/letter-16/",""
"A17","Letter Q","ku","","","","https://hrezaii95.github.io/german-learning-exam/vocabulary/letter-17/",""
"A18","Letter R","er","","","","https://hrezaii95.github.io/german-learning-exam/vocabulary/letter-18/",""
"A19","Letter S","es","","","","https://hrezaii95.github.io/german-learning-exam/vocabulary/letter-19/",""
"A20","Letter T","te","","","","https://hrezaii95.github.io/german-learning-exam/vocabulary/letter-20/",""
"A21","Letter U","u","","","","https://hrezaii95.github.io/german-learning-exam/vocabulary/letter-21/",""
"A22","Letter V","vau","","","","https://hrezaii95.github.io/german-learning-exam/vocabulary/letter-22/",""
"A23","Letter W","we","","","","https://hrezaii95.github.io/german-learning-exam/vocabulary/letter-23/",""
"A24","Letter X","iks","","","","https://hrezaii95.github.io/german-learning-exam/vocabulary/letter-24/",""
"A25","Letter Y","ypsilon","","","","https://hrezaii95.github.io/german-learning-exam/vocabulary/letter-25/",""
"A26","Letter Z","zett","","","","https://hrezaii95.github.io/german-learning-exam/vocabulary/letter-26/",""
"A27","Letter Ä","A-Umlaut","","","","https://hrezaii95.github.io/german-learning-exam/vocabulary/letter-27/",""
"A28","Letter Ö","O-Umlaut","","","","https://hrezaii95.github.io/german-learning-exam/vocabulary/letter-28/",""
"A29","Letter Ü","U-Umlaut","","","","https://hrezaii95.github.io/german-learning-exam/vocabulary/letter-29/",""
"A30","Letter ß","Eszett / scharfes S","","","","https://hrezaii95.github.io/german-learning-exam/vocabulary/letter-30/",""
